{
    "sum": 740865,
    "avr": 541.172388604821,
    "sumMD": 19687,
    "avrMD": 532.081081081081,
    "sumSD": 20241,
    "avrSD": 547.0540540540541,
    "max": 998,
    "min": 100
}